No.,Name,Category,Years in Prod.,Colors
500,Dispatch,Crossbody,1991,"Black, British Tan"
506,Waist Pouch,Clutch/Pouch,"1991, 1992, 1993","Black, British Tan"
509,Backpack,Backpack,"1991, 1992, 1993","Black, British Tan"
511,International Travel Bag,Crossbody,"1991, 1992, 1993, 1994, 1995","Black, British Tan"
514,Compartment Brief,Briefcase,"1993, 1994, 1995, 1996, 1997","Black, British Tan, Mahogany"
515,Canteen Waist Pouch,Clutch/Pouch,"1993, 1994, 1995, 1996, 1997","Black, British Tan, Mahogany"
516,Pocket Waist Pack,Clutch/Pouch,"1991, 1992, 1993","Black, British Tan"
517,Berkeley Backpack,Backpack,1996,"Black, Mahogany, Russet"
518,Double Compartment Carry-On,Messenger,"1996, 1997","Black, British Tan, Mahogany"
520,Travel Backpack,Backpack,"1996, 1997","Black, Mahogany"
521,Zip Backpack,Backpack,"1995, 1996, 1997","Black, British Tan, Mahogany"
528,Double Pocket Backpack,Backpack,1998,"Black, Mahogany"
529,Backpack,Backpack,"1994, 1995, 1996, 1997, 1998","Black, British Tan, Mahogany"
532,Organizer Brief,Briefcase,"1995, 1996, 1997, 1998, 1999","Black, British Tan, Mahogany"
536,Basic Zip,Briefcase,1996,"Black, British Tan, Mahogany"
537,Double Zip Organizer Brief,Briefcase,"1996, 1997, 1998","Black, British Tan, Mahogany"
538,Zip Top Compartment Brief,Briefcase,"1996, 1997","Black, British Tan, Mahogany"
542,Multi-Compartment Brief,Briefcase,1997,"Black, British Tan, Mahogany"
543,Contemporary Zip,Briefcase,1997,"Black, British Tan, Mahogany"
544,Compact Organizer Brief,Briefcase,"1997, 1998","Black, British Tan, Mahogany"
547,Flap Backpack,Backpack,1998,"Black, Mahogany"
597,Flight Bag,Messenger,1998,"Black, Mahogany"
657,USOC Tourist Pouch,Clutch/Pouch,1995,"Black, Blue, British Tan, Green, Red, Yellow"
658,USOC Waist Pouch,Clutch/Pouch,1995,"Black, Blue, British Tan, Green, Red, Yellow"
4010,Drawstring Sac Large,Bucket,1987,"Black, Blue, Buckskin, Cocoa, Honey, Khaki, Red, Saddle, Taupe, Wine"
4011,Camera Bag Small,Crossbody,1990,"Black, Blue, Bone, Cocoa, Taupe, White"
4012,Camera Bag,Crossbody,1990,"Black, Blue, Bone, Cocoa, Taupe, White"
4013,Capri Bag Small,Crossbody,1990,"Black, Blue, Bone, Cocoa, Taupe"
4014,Capri Bag,Crossbody,1990,"Black, Blue, Bone, Cocoa, Taupe"
4015,Drawstring Sac,Bucket,"1987, 1988, 1989","Black, Blue, Bone, Buckskin, Cocoa, Honey, Khaki, Red, Saddle, Taupe, Wine"
4016,Escort Bag,Crossbody,1990,"Black, Blue, Cocoa, Honey, Taupe"
4017,Light Hobo,Shoulder Bag,1990,"Black, Blue, Cocoa, Honey, Taupe"
4018,Slim Zip Bag,Crossbody,"1990, 1991, 1992","Black, Blue, Bone, Cocoa, Honey, Red, Taupe, White, Berry, Chamois, Ivy"
4019,Carry-All Tote,Tote,"1990, 1991","Black, Blue, Cocoa, Honey, Berry"
4020,Drawstring Sac Small,Bucket,"1987, 1988","Black, Blue, Bone, Buckskin, Cocoa, Khaki, Red, Saddle, Honey, Taupe"
4021,Pocket Drawstring,Bucket,1990,"Black, Blue, Bone, Cocoa, Taupe"
4022,Duffle Drawstring,Bucket,1990,"Black, Blue, Cocoa, Honey, Taupe, White"
4023,Drawstring Sling,Backpack,1990,"Black, Blue, Cocoa, Honey"
4025,Shoulder Pouch,Bucket,"1987, 1988, 1989","Black, Blue, Bone, Buckskin, Cocoa, Honey, Khaki, Red, Saddle, Taupe, Wine"
4027,Monterey Hobo,Bucket,"1991, 1992, 1993, 1994, 1995, 1997","Berry, Black, Blue, Chamois, Cocoa, Ivy, Taupe, British Tan, Celadon, Navy, Bottle Green, Butterscotch, Mahogany, Stone, Chambray, Ocean, Coral"
4028,Gallery Bag,Crossbody,"1991, 1992","Berry, Black, Blue, Bone, Chamois, Cocoa, Ivy, Taupe, White"
4029,Flap Drawstring,Crossbody,1991,"Berry, Black, Blue, Chamois, Cocoa, Ivy, Taupe"
4030,Drawstring Tote,Tote,1987,"Black, Cocoa, Red, Saddle, Taupe, Wine"
4031,Marble Bag,Clutch/Pouch,"1991, 1992","Black, Blue, Chamois, Cocoa, Ivy"
4040,Swinger,Crossbody,"1987, 1988, 1989, 1990, 1991","Black, Blue, Bone, Cocoa, Red, Saddle, Taupe, Wine, Honey, White, Berry, Chamois, Ivy"
4050,Shoulder Bag,Crossbody,"1987, 1988","Black, Blue, Bone, Buckskin, Cocoa, Honey, Khaki, Red, Saddle, Taupe, Wine"
4055,Soft Satchel,Satchel,"1987, 1988, 1989, 1990","Black, Blue, Cocoa, Red, Saddle, Wine, Bone, Taupe, White"
4060,Soft Satchel Large,Satchel,"1987, 1988","Black, Blue, Cocoa, Red, Saddle, Wine"
4065,Light Tote,Tote,"1987, 1988, 1989, 1990, 1991, 1992, 1993, 1994","Black, Blue, Cocoa, Honey, Red, Saddle, Taupe, Wine, Berry, Chamois, Ivy, British Tan, Navy, Mahogany"
4066,Metro Tote,Tote,"1994, 1995","Black, British Tan, Mahogany, Navy"
4067,Organizer Tote,Tote,"1994, 1995, 1996","Black, British Tan, Mahogany, Navy, Cappuccino"
4068,Lunch Tote,Tote,"1994, 1995, 1997","Black, Bottle Green, British Tan, Mahogany, Navy, Red, Pear, Banana, Chambray, Coral, White"
4070,Bucket Bag Small,Bucket,"1988, 1989, 1990, 1991","Black, Blue, Bone, Buckskin, Cocoa, Honey, Khaki, Red, Saddle, Taupe, Wine, White, Berry, Chamois, Ivy"
4075,Bucket Bag,Bucket,"1988, 1989, 1990, 1991, 1992, 1993, 1994","Black, Blue, Bone, Buckskin, Cocoa, Honey, Khaki, Red, Saddle, Taupe, Wine, White, Berry, Chamois, British Tan, Celadon, Navy, Bottle Green, Butterscotch, Mahogany, Stone, Chambray, Ocean"
4080,Swinger Small,Crossbody,"1988, 1989, 1990","Black, Blue, Bone, Buckskin, Cocoa, Honey, Khaki, Red, Saddle, Taupe, Wine, White"
4081,Studio Bag,Tote,1991,"Black, Blue, Cocoa, Ivy, Taupe"
4082,Soho Bag,Tote,"1991, 1992, 1993, 1994, 1995, 1996, 1997","Berry, Black, Chamois, Cocoa, Ivy, British Tan, Celadon, Mahogany, Bottle Green, Butterscotch, Ocean, Chambray, Red, Banana, Coral, Pear, Navy, Cappuccino, Aqua, Lime, White, Periwinkle, Blue"
4085,Travel Tote,Tote,"1988, 1989","Black, Blue, Cocoa, Honey, Saddle, Taupe"
4090,Town Bag,Crossbody,1989,"Black, Blue, Bone, Cocoa, Honey, Red, Saddle, Taupe, Wine"
4095,Town Bag Large,Crossbody,"1989, 1990","Black, Blue, Bone, Cocoa, Honey, Red, Saddle, Taupe, Wine, White"
4100,Paris Bag,Crossbody,1989,"Black, Blue, Bone, Cocoa, Honey, Red, Saddle, Taupe, Wine"
4104,Soho Small Zip,Crossbody,1998,"Black, Lavender, Pistachio, Mahogany, Red, Toffee, Yellow"
4105,Paris Bag Large,Crossbody,1989,"Black, Blue, Bone, Cocoa, Honey, Red, Saddle, Taupe, Wine"
4106,Soho Small Satchel,Satchel,1998,"Black, Bone, Lavender, Mahogany, Pistachio, Red, Toffee, Yellow"
4107,Soho Small Basket,Crossbody,1998,"Black, Bone, Lavender, Mahogany, Navy, Pistachio, Red, Toffee, Yellow, Ink, Loden"
4108,Soho Small Flap,Crossbody,1998,"Black, Loden, Mahogany, Red, Toffee, Ink"
4110,Tailored Pouch,Crossbody,"1989, 1990","Black, Blue, Bone, Cocoa, Honey, Red, Saddle, Taupe, Wine"
4111,Cafe Bag,Crossbody,"1991, 1992, 1993","Berry, Black, Blue, Bone, Chamois, Cocoa, Ivy, Taupe, British Tan, Celadon, Navy, White"
4112,Laurel Bag,Crossbody,1991,"Berry, Black, Blue, Chamois, Cocoa, Ivy, Taupe"
4113,Hudson Bag,Satchel,"1991, 1993","Berry, Black, Blue, Chamois, Cocoa, Ivy, British Tan, Navy"
4115,Whitney Bag,Crossbody,"1991, 1992, 1993, 1994, 1995, 1996, 1997","Berry, Black, Blue, Chamois, Cocoa, Ivy, Taupe, Bone, White, Navy, British Tan, Bottle Green, Butterscotch, Mahogany, Stone, Chambray, Ocean, Banana, Coral, Pear, Red, Cappuccino"
4116,Perry Bag,Crossbody,1992,"Black, Blue, Chamois, Cocoa"
4117,Terrace Bag,Satchel,1992,"Black, Blue, Chamois, Cocoa"
4118,Riverside Bag,Shoulder Bag,1992,"Black, Blue, Chamois, Cocoa"
4119,Columbus Bag,Tote,1992,"Black, Blue, Chamois, Cocoa"
4120,Tribeca Tote,Tote,1992,"Black, Blue, Chamois, Cocoa"
4121,Halsey Bag,Crossbody,1992,"Berry, Black, Blue, Chamois, Cocoa, Ivy, Taupe"
4122,Delancy Drawstring,Bucket,"1992, 1993","Berry, Black, Blue, Chamois, Cocoa, Bone, British Tan, Navy, White"
4123,Minetta Zip,Crossbody,"1992, 1993","Black, Blue, Bone, Chamois, Cocoa, Ivy, White, British Tan, Navy"
4124,Dixon Mini,Crossbody,"1992, 1993","Black, Blue, Bone, Chamois, Cocoa, Ivy, British Tan, Navy, White"
4125,Bistro Bag,Crossbody,"1993, 1994","Black, Blue, Buff, Celadon, Terracotta, Bottle Green, Butterscotch, Mahogany, Navy"
4126,Matinee Bag,Crossbody,"1993, 1994","Black, Blue, Buff, Celadon, Terracotta, Bottle Green, Butterscotch, Mahogany, Navy"
4127,Museum Bag,Crossbody,"1993, 1994, 1997","Black, Blue, Buff, Celadon, Terracotta, Bottle Green, Butterscotch, Mahogany, Navy, Chambray, Cappuccino"
4128,Boulevard Bag,Crossbody,"1993, 1994","Black, Blue, Buff, Celadon, Terracotta, Bottle Green, Butterscotch, Mahogany, Navy"
4129,Park Tote,Tote,"1993, 1994, 1995, 1997","Black, Blue, Buff, Celadon, Terracotta, Bottle Green, Butterscotch, Mahogany, Navy, British Tan, Chambray, Cappuccino"
4130,MacDougal Zip,Crossbody,"1993, 1994, 1995, 1998","Black, British Tan, Celadon, Chamois, Navy, Bottle Green, Butterscotch, Mahogany, Stone, Ocean, Chambray, White, Red, Bone, Pebble"
4131,Mercer Bag,Crossbody,1993,"Black, Bone, British Tan, Chamois, Navy"
4132,Carlton Bag,Crossbody,"1993, 1994","Black, Bone, British Tan, Celadon, Chamois, Navy, Bottle Green, Butterscotch, Mahogany, Stone, Chambray, Ocean"
4133,Waverly Bag,Tote,"1993, 1994, 1995, 1996, 1997","Black, Bone, British Tan, Celadon, Chamois, Navy, Mahogany, Bottle Green, Butterscotch, Stone, Chambray, Ocean, Red, Banana, Coral, Pear, White, Cappuccino, Lime, Aqua, Periwinkle, Glacier, Toffee, Tangerine"
4134,Back Sac,Backpack,"1993, 1994, 1995, 1996, 1997","Black, British Tan, Chamois, Navy, Mahogany, Butterscotch, Chambray, Ocean, Red, Bottle Green, Cappuccino"
4135,Promenade Bag,Crossbody,1994,"Black, Bottle Green, British Tan, Mahogany, Navy"
4139,Soho Large Hobo,Shoulder Bag,1998,"Black, Mahogany, Toffee"
4140,Lafayette Bag,Tote,"1994, 1995, 1996, 1997","Black, Bone, Bottle Green, British Tan, Mahogany, Navy, Red, Cappuccino, Chamois, White, Aqua, Lime, Periwinkle, Leaf, Blue, Glacier"
4141,Rivington Bag,Crossbody,1994,"Black, Bone, Bottle Green, British Tan, Mahogany, Navy, Red"
4142,Wooster Bag,Shoulder Bag,"1994, 1995","Black, Bone, Bottle Green, British Tan, Mahogany, Navy, White, Red"
4143,Worth Bag,Crossbody,"1995, 1996, 1997","Black, Bone, Bottle Green, British Tan, Mahogany, Navy, Red, White, Ocean, Cappuccino, Chamois"
4144,Littleton Drawstring,Bucket,1995,"Banana, Pear, Chambray, Coral, Black, Bone, Bottle Green, British Tan, Mahogany, Navy, Red, White"
4145,Mini Hobo,Shoulder Bag,"1997, 1998","Black, Bone, British Tan, Mahogany, Red, Glacier, Toffee, Tangerine, Kiwi, Yellow"
4148,Mini Bucket,Bucket,"1997, 1998","Black, Red, Mahogany, Tangerine, Toffee, White, Kiwi, Yellow"
4150,Fletcher Bag,Crossbody,"1995, 1996, 1997, 1998","Black, Bone, Bottle Green, British Tan, Mahogany, Navy, Red, White, Chamois, Cappuccino, Ocean, Blue"
4151,Thompson Drawstring,Bucket,"1995, 1996, 1997, 1998","Banana, Black, Bottle Green, British Tan, Chambray, Coral, Mahogany, Navy, Pear, Red, White, Bone, Cappuccino, Chamois, Ocean, Pebble"
4152,Bantam Bag,Backpack,"1995, 1996, 1997","Banana, Black, Bottle Green, British Tan, Chambray, Coral, Mahogany, Navy, Pear, Red, White, Cappuccino, Chamois"
4153,Bleeker Bag,Crossbody,"1995, 1996, 1997","Black, Bone, Bottle Green, British Tan, Mahogany, Navy, Red, Cappuccino, Ocean, White"
4155,Soho Zip Tote,Tote,"1996, 1997","Black, British Tan, Mahogany, Navy, Red"
4156,Belted Pouch,Bucket,"1996, 1997","Black, British Tan, Mahogany, Navy, Red, Aqua, Lime, White, Periwinkle, Leaf, Blue, Bone, Toffee, Tangerine, Glacier"
4157,Buckle Bag,Tote,"1996, 1997, 1998","Black, British Tan, Mahogany, Navy, Red, Aqua, Lime, White, Periwinkle, Leaf, Blue, Bone, Glacier, Toffee, Tangerine, Kiwi, Yellow, Lavender, Pistachio"
4158,Handle Bag,Crossbody,"1996, 1997","Black, British Tan, Mahogany, Navy, Red, Aqua, Lime, White"
4160,Soho Sling,Backpack,1997,"Black, British Tan, Mahogany, Navy, Red, Aqua, Lime, White"
4161,Soho Zip Hobo,Tote,"1997, 1998","Black, British Tan, Mahogany, Navy, Red, Aqua, Lime, White, Periwinkle, Blue, Glacier, Yellow"
4162,Cornelia Sling,Backpack,1997,"Black, Bone, British Tan, Mahogany, Periwinkle, Red, Leaf, Blue"
4164,Bedford Flap,Messenger,1997,"Black, Bone, British Tan, Mahogany, Periwinkle, Red, Leaf, Blue"
4165,Greenwich School Bag,Messenger,1997,"Black, British Tan, Mahogany, Red, Blue"
4166,Eldridge Hobo,Tote,1997,"Black, Blue, British Tan, Leaf, Mahogany, Red"
4169,Erickson Bucket,Bucket,1997,"Black, Blue, British Tan, Leaf, Mahogany, Red"
4173,Flatiron Flap,Shoulder Bag,"1997, 1998","Black, Mahogany, Toffee"
4174,Flatiron Zip,Shoulder Bag,"1997, 1998","Black, Mahogany, Toffee"
4177,Flatiron Hobo,Shoulder Bag,"1997, 1998","Black, Mahogany, Toffee"
4179,Flatiron Sling,Backpack,"1997, 1998","Black, Mahogany, Toffee"
4180,Lexington Drawstring,Bucket,1998,"Black, Mahogany, Red, White"
4181,Lexington Bucket,Bucket,1998,"Black, Ink, Loden, Mahogany, Red"
4182,Lexington Shopper,Tote,1998,"Black, Mahogany, Red, White, Ink"
4183,Lexington Flap,Shoulder Bag,1998,"Black, Mahogany"
4185,Lexington Small Flap,Crossbody,1998,"Black, Ink, Mahogany, Red"
4186,Lexington Zip,Crossbody,1998,"Black, Ink, Loden, Mahogany, Red"
4187,Lexington Satchel,Tote,1998,"Black, Ink, Mahogany, Red"
4200,Rider Bag,Crossbody,1992,"Black, Bone, Green, Navy, Red, Tan"
4201,Ranger Bag,Crossbody,1992,"Black, Bone, Navy, Tan, Taupe"
4203,Fargo Satchel,Satchel,1992,"Black, Bone, Navy, Red, Tan"
4204,Cassidy Mini Bag,Crossbody,1992,"Black, Bone, Green, Navy, Red, Tan, Taupe"
4205,Lariat Bag,Crossbody,1992,"Black, Bone, Green, Navy, Red, Tan"
4207,Harvest Tote,Tote,1992,"Black, Green, Navy, Tan"
4208,Cartwright Bag,Crossbody,1992,"Black, Bone, Navy, Red, Tan, Taupe"
4209,Richmond Bag,Crossbody,"1992, 1993","Black, Bone, Navy, Tan, Red, Taupe, White"
4210,Greensboro Bag,Crossbody,1992,"Black, Bone, Green, Navy, Tan, Red"
4211,Durham Mini Bag,Crossbody,1992,"Black, Bone, Green, Navy, Tan, Red"
4213,Shelby Bag,Crossbody,1992,"Black, Bone, Green, Navy, Tan, Red, Taupe"
4215,Charlotte Satchel,Satchel,1992,"Black, Bone, Navy, Tan"
4217,Charleston Bag,Crossbody,"1992, 1993","Black, Bone, Green, Navy, Tan, Red, Taupe, White"
4219,Marietta Drawstring,Clutch/Pouch,"1992, 1993","Black, Bone, Green, Navy, Tan, Red, Taupe, White"
4220,Hollister Tote,Tote,"1992, 1993","Black, Green, Navy"
4222,Savannah Hobo,Shoulder Bag,"1992, 1993","Black, Bone, Green, Navy, Tan, Red, Taupe, White"
4223,Alexandria Zip,Clutch/Pouch,"1992, 1993","Black, Bone, Green, Navy, Tan, Red, White"
4224,Mayfield Bag,Crossbody,"1992, 1993, 1994, 1995","Black, Bone, Green, Navy, Tan, Red, White, Taupe, Clover, Marina"
4225,Glenwood Bag,Crossbody,"1992, 1993, 1994, 1995","Bone, Green, Navy, Tan, Black, Taupe, White, Clover, Marina, Red"
4226,Monticello Bag,Crossbody,"1992, 1993, 1994, 1995","Black, Bone, Green, Tan, Navy, White, Taupe, Red, Clover"
4227,Wilmington Satchel,Satchel,"1992, 1993","Black, Bone, Navy, Tan, White"
4228,Roswell Satchel,Satchel,"1993, 1994, 1995","Black, Bone, Green, Navy, Red, Tan, Taupe, Clover, White"
4229,Darcey Drawstring,Bucket,"1993, 1994","Black, Green, Navy, Red, Tan, Taupe"
4231,Stewart Bag,Crossbody,"1993, 1994","Black, Bone, Green, Navy, Red, Tan, Taupe"
4232,Sheffield Bucket,Bucket,"1993, 1994, 1995","Black, Bone, Green, Navy, Tan, Taupe, Clover, White"
4233,Wendell Tote,Tote,"1994, 1995","Black, Navy, Tan"
4235,Elliot Bag,Crossbody,1994,"Black, Bone, Clover, Navy, Red, Tan, Taupe, White"
4236,Marion Bag,Crossbody,1994,"Black, Bone, Clover, Navy, Tan, Taupe, White"
4238,Newberry Drawstring,Bucket,"1994, 1995","Black, Bone, Clover, Navy, Red, Tan, Taupe, White"
4310,Small Satchel Natural Grain,Satchel,1997,"Black, Chocolate, Navy, Tomato"
4313,Mini Zip Natural Grain,Crossbody,1997,"Black, Chocolate, Marigold, Navy, Tomato"
4316,Sonoma Large Hobo,Tote,1997,"Black, Chocolate, Marigold, Navy, Tomato"
4393,Nubuc Tribeca Shopper,Tote,1998,"Chocolate, Sand, Copper"
4394,Nubuc Tribeca Large Hobo,Tote,1998,"Chocolate, Sand, Copper"
4396,Mini Zip Bag Nubuc,Shoulder Bag,1997,"Chocolate, Sand, Spruce, Glacier"
4398,Zip Bag Nubuc,Shoulder Bag,1997,"Chocolate, Sand, Spruce, Glacier"
4399,Mini Satchel Nubuc,Shoulder Bag,1997,"Chocolate, Sand, Spruce, Glacier"
4400,Spence Bag,Crossbody,"1993, 1994","Beechnut, Black, Cherry, Fern, Ivory, Maple, Navy"
4401,Carlyle Bag,Crossbody,"1993, 1994, 1995, 1996, 1997","Beechnut, Black, Cherry, Fern, Ivory, Maple, Navy, Forest, Garnet, Citron, Granite, Mandarin, Butter, Caramel, Scarlet"
4402,Waldorf Bag,Crossbody,1993,"Beechnut, Black, Cherry, Fern, Ivory, Maple, Navy"
4403,Royalton Bag,Crossbody,"1993, 1994","Beechnut, Black, Cherry, Ivory, Maple, Navy"
4404,Chapin Bag,Crossbody,"1993, 1994","Beechnut, Black, Cherry, Fern, Ivory, Maple, Navy"
4405,Regis Bag,Crossbody,"1993, 1994, 1995, 1996, 1997","Beechnut, Black, Cherry, Fern, Ivory, Maple, Navy, Forest, Garnet, Granite, Caramel, Scarlet, Celadon, Butter"
4406,Pierre Bag,Crossbody,"1993, 1994, 1995, 1996","Beechnut, Black, Cherry, Ivory, Maple, Navy, Forest, Garnet, Granite, Butter"
4407,Pierpont Bag,Crossbody,1993,"Beechnut, Black, Fern, Ivory, Maple, Navy"
4408,Savoy Satchel,Satchel,"1993, 1994","Beechnut, Black, Ivory, Maple, Navy"
4409,Arcadia Tote,Tote,"1993, 1994","Beechnut, Black, Maple, Navy"
4410,Sutton Satchel,Satchel,"1994, 1995, 1996, 1997","Beechnut, Black, Garnet, Forest, Ivory, Maple, Navy, Mandarin, Granite, Butter, Caramel, Scarlet, Celadon"
4411,Lowell Bag,Satchel,"1994, 1995","Beechnut, Black, Forest, Maple, Navy"
4412,Bristol Bag,Satchel,"1994, 1995, 1996, 1997","Beechnut, Black, Forest, Garnet, Maple, Navy, Mandarin, Citron, Granite, Butter, Caramel, Scarlet"
4413,Gracie Bag,Satchel,"1994, 1995, 1996, 1997","Beechnut, Black, Ivory, Maple, Navy, Forest, Garnet, Mandarin, Citron, Granite, Butter, Scarlet, Caramel"
4414,Copley Bag,Satchel,"1994, 1995, 1996","Beechnut, Black, Garnet, Maple, Navy, Mandarin, Forest, Ivory, Citron, Granite, Butter"
4415,Tuxedo Bag,Clutch/Pouch,1995,"Beechnut, Black, Citron, Forest, Garnet, Granite, Ivory, Mandarin, Maple, Navy"
4416,Carnegie Clutch,Clutch/Pouch,1995,"Beechnut, Black, Citron, Forest, Garnet, Granite, Ivory, Mandarin, Maple, Navy"
4417,Biltmore Bag,Satchel,"1996, 1997","Beechnut, Black, Butter, Garnet, Granite, Navy, Caramel, Scarlet, Celadon"
4420,Drake Brief,Briefcase,"1995, 1996, 1997","Beechnut, Black, Forest, Maple, Navy, Caramel, Scarlet"
4477,Madison Clutch,Clutch/Pouch,"1994, 1995","Black, Cherry, Maple, Navy, Garnet, Beechnut"
4902,Schoolbag Natural Grain,Messenger,"1994, 1995","Black, Buff, Saddle"
4903,Flap Bag Natural Grain,Crossbody,"1994, 1995, 1996, 1997","Black, Buff, Saddle, Maize, Parchment, Sea, Wheat, Chocolate, Ivy, Tomato, Camel, Lime, White, Aqua"
4904,Medium Drawstring Natural Grain,Bucket,"1994, 1995",Black
4905,Small Drawstring Natural Grain,Bucket,"1994, 1995, 1996","Black, Buff, Saddle, Maize, Parchment, Sea, Wheat"
4906,Medium Bucket Zip Natural Grain,Bucket,"1994, 1995","Black, Buff, Saddle"
4907,Small Bucket Zip Natural Grain,Bucket,"1994, 1995, 1996, 1997","Black, Buff, Saddle, Maize, Parchment, Sea, Wheat, Chocolate, Ivy, Tomato, Camel, Aqua, Lime, White, Periwinkle, Navy, Marigold, Birch"
4908,Backpack Natural Grain,Backpack,"1994, 1995","Black, Buff, Saddle"
4909,Fishing Creel Natural Grain,Clutch/Pouch,1995,"Black, Buff, Saddle"
4911,Small Backpack Natural Grain,Backpack,"1994, 1995, 1996, 1997","Black, Buff, Saddle, Maize, Parchment, Sea, Wheat, Chocolate, Ivy, Tomato, Camel"
4913,Sonoma Pouch Natural Grain,Clutch/Pouch,1994,"Black, Buff, Saddle"
4914,Double Zip Natural Grain,Crossbody,"1995, 1996","Black, Buff, Saddle, Maize, Parchment, Sea, Wheat"
4915,Sonoma Tote Natural Grain,Tote,1995,"Black, Buff, Saddle"
4916,Soft Bucket Natural Grain,Bucket,1995,"Black, Buff, Saddle"
4917,Flat Pack Natural Grain,Backpack,"1995, 1996","Black, Buff, Saddle, Maize, Parchment, Sea, Wheat"
4918,Small Zip Natural Grain,Crossbody,"1995, 1996","Black, Buff, Saddle, Maize, Parchment, Sea, Wheat"
4919,Small Flap Bag Natural Grain,Crossbody,"1995, 1996, 1997","Black, Buff, Saddle, Maize, Parchment, Sea, Wheat, Chocolate, Ivy, Tomato, Camel, Aqua, Lime, White"
4920,Pocket Shopper Natural Grain,Tote,"1996, 1997","Black, Maize, Parchment, Saddle, Sea, Wheat, Chocolate, Ivy, Tomato, Camel, Lime"
4921,Satchel Natural Grain,Satchel,"1996, 1997","Black, Maize, Parchment, Saddle, Sea, Wheat, Camel, Chocolate, Ivy, Lime, Tomato, White"
4922,Sling Natural Grain,Backpack,"1996, 1997","Black, Chocolate, Ivy, Tomato, Camel, White"
4923,Drawstring Natural Grain,Bucket,"1996, 1997, 1998","Black, Chocolate, Ivy, Tomato, Camel, Lime, Aqua, Wheat, White, Periwinkle, Marigold, Navy, Birch"
4924,Pocket Zip Natural Grain,Crossbody,"1996, 1997","Black, Chocolate, Ivy, Tomato, Camel, Aqua, Lime, Wheat, White, Periwinkle, Navy, Marigold, Birch"
4925,Mini Backpack Natural Grain,Backpack,1997,"Aqua, Black, Camel, Chocolate, Lime, Tomato, Wheat, White, Periwinkle, Navy, Marigold"
4926,Pocket Drawstring Natural Grain,Bucket,1997,"Aqua, Black, Camel, Chocolate, Lime, Tomato, Wheat, White, Periwinkle, Navy"
4927,Sonoma Soft Bucket Natural Grain,Bucket,1997,"Black, Camel, Chocolate, Periwinkle, Tomato, Navy"
4928,Full Flap Natural Grain,Crossbody,1997,"Black, Camel, Chocolate, Periwinkle, Tomato, Navy"
4929,Small Full Flap Natural Grain,Crossbody,1997,"Black, Chocolate, Navy, Tomato, Marigold"
4930,Medium Drawstring Nubuc,Bucket,"1994, 1995","Sand, Spruce, Slate, Terracotta"
4931,Small Drawstring Nubuc,Bucket,"1994, 1995, 1996","Bramble, Chamois, Sage, Sand, Spruce, Slate, Terracotta, Dark Sage, Elderberry, Rose"
4932,Medium Bucket Zip Nubuc,Bucket,"1994, 1995","Bramble, Chamois, Sage, Sand, Spruce, Slate, Terracotta, Dark Sage, Elderberry"
4933,Small Bucket Zip Nubuc,Bucket,"1994, 1995, 1996, 1997","Bramble, Chamois, Sage, Sand, Spruce, Slate, Terracotta, Dark Sage, Elderberry, Rose, Grape, Pumpkin, Aqua, Lilac, Chocolate"
4934,Backpack Nubuc,Backpack,"1994, 1995","Bramble, Spruce, Slate, Terracotta"
4935,Flap Bag Nubuc,Crossbody,"1994, 1995, 1996, 1997","Bramble, Chamois, Sage, Sand, Spruce, Slate, Terracotta, Dark Sage, Elderberry, Rose, Pumpkin, Grape, Aqua, Lilac"
4937,Fishing Creel Nubuc,Clutch/Pouch,1995,"Bramble, Dark Sage, Elderberry, Sand"
4938,Small Backpack Nubuc,Backpack,"1994, 1995, 1996, 1997","Bramble, Chamois, Sage, Sand, Spruce, Slate, Terracotta, Elderberry, Dark Sage, Rose, Grape, Pumpkin"
4940,Sonoma Pouch Nubuc,Clutch/Pouch,1994,"Bramble, Chamois, Sage, Sand, Spruce"
4941,Double Zip Nubuc,Crossbody,1995,"Dark Sage, Bramble, Elderberry, Sand"
4942,Sonoma Tote Nubuc,Tote,1995,"Bramble, Dark Sage, Elderberry, Sand"
4943,Soft Bucket Nubuc,Bucket,1995,"Bramble, Dark Sage, Elderberry, Sand"
4944,Flat Pack Nubuc,Backpack,1995,"Bramble, Dark Sage, Elderberry, Sand"
4945,Small Zip Nubuc,Crossbody,"1995, 1996","Bramble, Dark Sage, Elderberry, Sand, Rose"
4946,Small Flap Bag Nubuc,Crossbody,"1995, 1996, 1997","Bramble, Dark Sage, Elderberry, Sand, Rose, Grape, Pumpkin"
4949,Pocket Zip Nubuc,Crossbody,"1996, 1997","Grape, Pumpkin, Sand, Aqua, Lilac, Chocolate, Spruce"
4950,Duffle Sac Nubuc,Bucket,1997,"Chocolate, Sand, Spruce, Glacier"
4951,Legacy Zip Nubuc,Crossbody,1997,"Chocolate, Sand, Spruce, Glacier"
4952,Helen's Legacy Nubuc,Bucket,1997,"Chocolate, Sand, Spruce, Glacier"
4954,Maggie Duffle Nubuc,Bucket,1997,"Chocolate, Sand, Spruce, Glacier"
4955,Mini Backpack Nubuc,Backpack,1997,"Aqua, Lilac, Sand, Chocolate, Spruce"
4956,Pocket Drawstring Nubuc,Bucket,1997,"Aqua, Lilac, Sand, Chocolate, Spruce"
4957,Sonoma Soft Bucket Nubuc,Bucket,1997,"Lilac, Sand, Chocolate, Spruce"
4958,Full Flap Nubuc,Crossbody,1997,"Lilac, Chocolate, Sand, Spruce"
4959,Small Full Flap Nubuc,Crossbody,1997,"Chocolate, Sand, Spruce"
5040,Portfolio,Briefcase,"1981, 1982, 1983, 1984, 1985, 1986, 1987","British Tan, Mocha, Saddle, Tabac, Black, Red, Burgundy"
5050,Handle Portfolio,Briefcase,"1976, 1977, 1981, 1982, 1983, 1984, 1985, 1986, 1987, 1988","Black, British Tan, Mocha, Saddle, Tabac, Burgundy, Red"
5060,Attache,Briefcase,"1985, 1986, 1987","Black, British Tan, Mocha, Tabac"
5070,Skinny Portfolio,Briefcase,1985,"Black, British Tan, Burgundy, Mocha, Red, Tabac"
5080,Brief Bag,Briefcase,"1981, 1982, 1983, 1984, 1985","Black, British Tan, Mocha, Saddle, Tabac, Burgundy, Red"
5090,Embassy Briefcase,Briefcase,"1986, 1987, 1988, 1989, 1990, 1991, 1992, 1993, 1994","Black, British Tan, Burgundy, Mocha, Tabac, Mahogany"
5092,Gramercy Brief,Briefcase,1991,"Black, British Tan, Burgundy, Mahogany"
5110,Small Clutch,Clutch/Pouch,"1983, 1984, 1985","Black, British Tan, Burgundy, Mocha, Navy, Putty, Red, Tabac"
5120,Shoulder Pouch Small,Crossbody,"1983, 1984, 1985, 1994","Black, British Tan, Burgundy, Mocha, Navy, Putty, Red, Tabac, Bone"
5130,Station Bag,Crossbody,"1983, 1984, 1985, 1987, 1988, 1989, 1990, 1991, 1992, 1993, 1994, 1995, 1996, 1997, 1998, 1999","Black, British Tan, Burgundy, Mocha, Tabac, Navy, Putty, Red, Forest Green, Camel, Bottle Green, Butterscotch, Mahogany, Purple, Olive, Taupe, Bone, Blue"
5140,Standard Clutch,Clutch/Pouch,"1983, 1984, 1985","Black, British Tan, Burgundy, Mocha, Navy, Putty, Red, Tabac"
5160,Shoulder Portfolio,Briefcase,"1984, 1985, 1986","Black, British Tan, Burgundy, Mocha, Tabac"
5170,Diplomat Briefcase,Briefcase,"1986, 1987, 1988, 1989, 1990","Black, British Tan, Burgundy, Mocha, Tabac, Mahogany"
5180,Metropolitan Brief,Briefcase,"1986, 1987, 1988, 1989, 1990, 1991, 1992, 1993, 1994, 1995, 1996, 1997, 1998, 1999","Black, British Tan, Burgundy, Mocha, Navy, Tabac, Mahogany, Bordeaux, Grey, Flannel Grey, Bottle Green"
5181,Colebrooke Case,Briefcase,"1994, 1995, 1996, 1997, 1998","Black, Bottle Green, British Tan, Mahogany, Red"
5190,Envelope Portfolio,Briefcase,"1986, 1987, 1988, 1989","Black, British Tan, Burgundy, Mocha, Navy, Putty, Red, Tabac, Mahogany, Grey, Flannel Grey"
5203,Associate Brief,Briefcase,1998,"Black, Mahogany"
5206,Full Flap Messenger Bag,Messenger,"1998, 1999","Black, Mahogany"
5213,Lenox Brief,Briefcase,"1998, 1999","Black, Mahogany"
5214,Fold-Over Brief,Briefcase,"1998, 1999","Black, Mahogany"
5230,Shoulder Brief,Briefcase,"1988, 1989, 1990","Black, British Tan, Burgundy, Mahogany, Mocha, Navy, Putty, Tabac"
5240,Wall Street Briefcase,Briefcase,"1988, 1989, 1990, 1991, 1992, 1993","Black, British Tan, Burgundy, Mocha, Mahogany"
5255,Regency Brief,Briefcase,1989,"Black, British Tan, Burgundy, Mahogany, Tabac"
5260,Executive Briefcase,Briefcase,"1989, 1990, 1991","Black, British Tan, Burgundy, Mahogany, Mocha"
5265,Lexington Brief,Briefcase,"1990, 1991, 1992, 1993, 1994, 1995, 1996, 1997, 1998, 1999","Black, British Tan, Burgundy, Mahogany, Bordeaux, Red, Bottle Green"
5266,Beekman Brief,Briefcase,"1991, 1992, 1993, 1994, 1995, 1996, 1997, 1998, 1999","Black, British Tan, Burgundy, Mahogany, Bordeaux"
5267,Morgan Briefcase,Briefcase,"1991, 1992, 1993, 1994","Black, British Tan, Burgundy, Mahogany, Bordeaux"
5268,Sumter Briefcase,Briefcase,"1992, 1993","Black, Navy, Tan"
5270,Letter Brief,Briefcase,"1987, 1990, 1991","Black, British Tan, Burgundy, Mocha, Navy, Red, Tabac, Mahogany"
5272,Stanton Briefcase,Briefcase,1992,"Black, British Tan, Burgundy, Mahogany"
5273,Bedford Briefcase,Briefcase,"1992, 1993","Black, British Tan, Burgundy, Mahogany, Bordeaux"
5274,Essex Briefcase,Briefcase,"1992, 1993, 1994, 1995, 1996, 1997, 1998","Black, British Tan, Mahogany, Mocha"
5275,Prescott Brief,Briefcase,"1992, 1993, 1994, 1996, 1997, 1998","Black, British Tan, Mahogany"
5276,Monroe Brief,Briefcase,"1992, 1993","Black, British Tan, Mahogany"
5278,Spencer Brief,Briefcase,1995,"Black, British Tan"
5279,Kensington Brief,Briefcase,"1994, 1995, 1996, 1997","Black, British Tan, Mahogany"
5280,Emmerson Case,Crossbody,1995,"Black, British Tan, Mahogany"
5281,Field Bag,Messenger,1995,"Black, British Tan, Mahogany"
5282,Embassy Brief,Briefcase,"1995, 1996, 1997","Black, British Tan, Mahogany"
5283,Harrison Brief,Briefcase,"1995, 1996, 1997, 1998","Black, British Tan, Mahogany"
5284,Berkeley Field Bag,Messenger,1996,"Black, Mahogany, Russet"
5286,Handle Portfolio,Briefcase,"1996, 1997","Black, British Tan, Mahogany"
5290,Bancroft Brief,Briefcase,1997,"Black, British Tan, Mahogany, Red"
5291,Phelps Brief,Briefcase,1997,"Black, British Tan, Mahogany"
5294,Reed Brief,Briefcase,1998,"Black, British Tan"
5320,Full Flap Brief,Briefcase,"1996, 1997","Black, British Tan, Mahogany"
5321,Flap Brief,Briefcase,"1996, 1997","Black, British Tan, Mahogany"
5322,Satchel,Briefcase,"1996, 1997","Black, British Tan, Mahogany"
5350,Delegate Brief,Briefcase,"1993, 1994","Black, British Tan"
5351,Senator Brief,Briefcase,"1993, 1994, 1995","Black, British Tan"
5352,Courier Brief,Briefcase,"1993, 1994","Black, British Tan, Mahogany"
5353,Diplomat,Briefcase,"1993, 1994, 1996, 1997, 1998, 1999","Black, British Tan, Mahogany"
5356,Candidate,Briefcase,"1993, 1994","Black, British Tan"
5357,Ambassador Brief,Briefcase,1994,"Black, Bottle Green, British Tan, Mahogany, Red"
5358,Hamilton Portfolio,Briefcase,"1994, 1995","Black, Bottle Green, British Tan, Mahogany, Red"
5396,Embassy Brief,Briefcase,1998,"Black, Mahogany"
5420,Briefbag,Briefcase,"1991, 1992, 1993, 1994, 1995, 1996, 1997","Black, British Tan, Mahogany"
6000,Chelsea Zip,Crossbody,1998,"Dark Grey, Black, Mahogany, Grey"
6003,Chelsea Hobo,Shoulder Bag,1998,"Dark Grey, Black, Mahogany, Grey"
6006,Chelsea Tote,Tote,1998,"Black, Mahogany"
6007,Chelsea Satchel,Tote,1998,"Dark Grey, Black, Mahogany"
6018,Slim Zip Spectator,Crossbody,1990,"Black, Blue, Bone, Red"
6022,Duffle Drawstring Spectator,Bucket,1990,"Black, Blue, Bone"
6106,Pearlized Party Bag,Clutch/Pouch,1998,"Ivory, Lavender, Pistachio"
6107,Pearlized Satchel,Satchel,1998,"Ivory, Lavender, Pistachio"
6112,Bleecker Tweed Demi Zip,Shoulder Bag,1999,"Black, Mahogany"
6120,Canvas Bleecker Demi Satchel,Satchel,1999,Mahogany
6121,Canvas Bleecker Satchel,Satchel,1999,Mahogany
6122,Canvas Bleecker Bucket,Bucket,1999,Mahogany
6124,Canvas Bleecker Zip,Satchel,1999,Mahogany
6126,Bleecker Tweed Satchel,Satchel,1999,"Black, Mahogany"
6127,Bleecker Tweed Bucket,Bucket,1999,"Black, Mahogany"
6128,Bleecker Tweed Zip,Shoulder Bag,1999,"Black, Mahogany"
6130,Station Bag Spectator,Crossbody,1990,"Black, Forest Green, Navy, Red"
6193,Pearlized Clutch,Clutch/Pouch,1998,"Ivory, Lavender, Pistachio"
6201,Neo Lunch Tote,Tote,"1998, 1999","Black, Mahogany, Red, Ink, Dark Grey, Grey, Camel, Navy"
6202,Neo Mini Satchel,Shoulder Bag,1998,"Black, Mahogany, Red"
6203,Neo Pocket Zip,Shoulder Bag,"1998, 1999","Black, Mahogany, Red, Ink, Dark Grey, Camel, Navy"
6204,Neo Duffle Sac,Bucket,1998,"Black, Mahogany, Red"
6205,Neo Backpack,Backpack,1998,"Black, Mahogany, Red, Ink, Dark Grey"
6206,Neo Compartment Tote,Tote,"1998, 1999","Black, Mahogany, Red, Ink, Dark Grey, Grey, Camel, Navy"
6207,Neo Large Tote,Tote,1998,"Black, Mahogany, Red"
6208,Neo Mailbag,Crossbody,1998,"Black, Mahogany, Red"
6209,Neo Slim Tote,Tote,1998,"Black, Mahogany, Red"
6210,Neo Zip Hobo,Shoulder Bag,1998,"Black, Mahogany, Red"
6211,Neo Flap,Crossbody,1998,"Black, Ink, Mahogany"
6213,Neo Mini Flap,Crossbody,1998,"Black, Ink, Mahogany"
6214,Neo East/West Zip,Shoulder Bag,"1998, 1999","Black, Ink, Mahogany, Dark Grey, Grey, Camel, Navy"
6215,Neo Mini Backpack,Backpack,1998,"Black, Ink, Mahogany, Dark Grey"
6216,Neo Large Compartment Tote,Tote,"1998, 1999","Black, Mahogany"
6217,Neo Organization Tote,Tote,1999,"Black, Mahogany"
6219,Neo Crescent Bag,Shoulder Bag,"1998, 1999","Black, Dark Grey, Ink, Mahogany, Grey, Camel, Navy"
6221,Neo Compartment Satchel,Satchel,1999,"Black, Mahogany, Navy"
6223,Neo Bucket,Bucket,1999,Black
6224,Neo City Tote,Tote,1999,Black
6230,Shoulder Brief Spectator,Briefcase,1990,"Black, Forest Green, Navy"
6235,Neo Classic Camera Zip,Clutch/Pouch,1999,"Black, Currant, Dark Grey"
6240,Neo Classic Lunch Tote,Tote,1999,"Black, Currant, Dark Grey"
6241,Neo Classic Compartment Tote,Tote,1999,"Black, Dark Grey"
6242,Neo Classic Pocket Zip,Crossbody,1999,"Black, Dark Grey"
6243,Neo Classic Backpack,Backpack,1999,"Black, Dark Grey"
6244,Neo Classic Large Compartment Tote,Tote,1999,"Black, Dark Grey"
6295,Neo Pouch,Clutch/Pouch,1998,"Black, Mahogany, Red, Ink"
6375,Dinky Bag Spectator,Crossbody,1989,"Black, Bone, Forest Green, Navy, Red"
6507,Bridle Executive Brief,Briefcase,1998,Black
6701,Bridle Top Handle,Satchel,1999,"Black, Camel, Mahogany"
6706,Bridle Bucket,Bucket,"1998, 1999","Currant, Black, Mahogany, Camel"
6707,Bridle Satchel,Satchel,"1998, 1999","Currant, Black, Mahogany, Camel"
6708,Bridle Hobo,Shoulder Bag,1998,"Black, Mahogany"
6709,Bridle Tote,Tote,1998,"Black, Mahogany"
6711,Bridle Handle Flap,Shoulder Bag,1999,"Black, Currant"
6712,Bridle Zip,Shoulder Bag,1999,"Black, Currant"
6713,Bridle Basket,Tote,1999,Black
6750,Riding Bag Spectator,Crossbody,"1989, 1990","Black, Bone, Forest Green, Navy, Red, White"
6765,Madison Satchel Spectator,Satchel,"1989, 1990","Black, Bone, Forest Green, Navy, Red, White"
6790,City Bag Spectator,Crossbody,"1989, 1990, 1991","Black, Bone, Forest Green, Navy, Red, White"
6801,Hudson Flap,Crossbody,"1998, 1999","Birch, Black, Chocolate"
6802,Hudson Pocket Zip,Crossbody,"1998, 1999","Birch, Black, Chocolate"
6803,Hudson Bucket,Bucket,"1998, 1999","Birch, Black, Chocolate"
6804,Hudson Hobo,Shoulder Bag,1998,"Birch, Black, Chocolate"
6807,Hudson Small Zip,Crossbody,"1998, 1999","Birch, Black, Chocolate"
6820,Swagger Spectator,Crossbody,"1989, 1990","Black, Bone, Forest Green, Navy, Red, White"
6825,Mini Bag Spectator,Crossbody,"1989, 1990","Black, Bone, Forest Green, Navy, Red, White"
6850,Compartment Bag Spectator,Crossbody,"1989, 1990, 1991","Black, Bone, Forest Green, Navy, Red, White"
6853,Binocular Spectator,Crossbody,1990,"Black, Bone, Forest Green, Navy, Red"
6855,Classic Hobo Spectator,Shoulder Bag,"1989, 1990","Black, Bone, Forest Green, Navy, Red, White"
6870,Court Bag Spectator,Crossbody,1990,"Black, Bone, Forest Green, Navy"
6887,Roll Bag Spectator,Crossbody,1991,"Black, Bone, Forest Green, Navy, Red"
6890,Scout Bag Spectator,Crossbody,1991,"Black, Bone, Forest Green, Navy"
6891,Broadway Satchel Spectator,Satchel,1991,"Black, Bone, Forest Green, Navy"
6893,Scooter Bag Spectator,Clutch/Pouch,1991,"Black, Bone, Forest Green, Navy, Red"
6938,Zip Swing Pack,Crossbody,1999,"Black, Ivory, Red"
6939,Zip Slim Waist Pack,Clutch/Pouch,1999,Black
7001,Gramercy Zip,Crossbody,1998,Black
7002,Gramercy Top Handle,Satchel,"1998, 1999","Black, Powder Blue, Wheat"
7003,Gramercy Small Satchel,Satchel,1999,"Black, Wheat"
7004,Gramercy North/South Satchel,Satchel,"1998, 1999","Black, Powder Blue, Wheat"
7301,Flap Shopper,Tote,1997,"Black, British Tan, Lime, Mahogany, Periwinkle, Blue"
7302,Medium Top Handle Tote,Tote,1997,"Black, British Tan, Lime, Mahogany, Periwinkle, White, Blue"
7303,Large Tote,Tote,1997,"Black, British Tan, Mahogany, Lime, Blue"
7304,Lunch Tote,Tote,1997,"Black, Lime, Mahogany, Periwinkle, White, Red, Blue, Leaf"
7307,Legal Tote,Tote,1997,"Black, British Tan, Mahogany"
7400,Mercer Satchel,Satchel,1999,"Jet, Slate, Teak"
7402,Mercer Hobo,Tote,1999,"Jet, Slate, Teak"
7404,Mercer Backpack,Backpack,1999,"Jet, Slate, Teak"
7406,Mercer Zip,Shoulder Bag,1999,"Jet, Slate, Teak"
7407,Mercer Demi Zip,Shoulder Bag,1999,"Jet, Slate, Teak"
7412,Mercer Pocket Zip,Shoulder Bag,1999,"Jet, Slate, Teak"
7413,Mercer East/West Flap,Shoulder Bag,1999,"Jet, Slate, Teak"
7414,Mercer Slim Shoulder Tote,Tote,1999,Jet
8170,Classic Shoulder Bag in Twill,Crossbody,1986,Tabac
8375,Dinky Bag in Twill,Clutch/Pouch,1986,Tabac
8430,Slim Satchel Large in Twill,Satchel,1986,Tabac
8455,Basic Bag in Twill,Clutch/Pouch,1986,Tabac
8517,Swinger,Clutch/Pouch,"1975, 1976, 1977",
8585,Saddle Pouch Large in Twill,Crossbody,1986,Tabac
8625,Musette Bag in Twill,Messenger,1986,Tabac
8635,Convertible Clutch in Twill,Clutch/Pouch,1986,Tabac
8920,Courrier Pouch,Crossbody,"1975, 1976, 1977, 1978, 1979, 1981, 1982, 1983, 1984, 1985, 1986","Black, British Tan, Burgundy, Mocha, Navy, Putty, Red, Saddle, Sage, Tabac, Grey"
8928,Courrier Pouch Large Ruff-Out,Crossbody,"1975, 1976, 1977",
9010,Berkeley Duffle Sac,Bucket,1996,"Black, Mahogany, Red, Russet"
9011,Berkeley Zip,Crossbody,1996,"Black, Mahogany, Red, Russet"
9012,Berkeley Drawstring,Bucket,1996,"Black, Mahogany, Red, Russet"
9014,Berkeley Saddle Bag,Shoulder Bag,1996,"Black, Mahogany, Red, Russet"
9016,Berkeley Convertible Backpack,Backpack,1996,"Black, Mahogany, Red, Russet"
9017,Abbie Zip,Crossbody,1997,"Black, Bone, British Tan, Mahogany, Periwinkle, Red"
9018,Emmie Flap,Crossbody,1997,"Black, Bone, British Tan, Lime, Mahogany, Periwinkle, White, Red"
9019,Maggie Duffle,Bucket,"1997, 1998","Black, Bone, British Tan, Mahogany, Periwinkle, Red, White, Lime, Leaf, Blue, Glacier, Tangerine, Kiwi, Yellow, Lavender"
9020,Ergo Mini Zip,Shoulder Bag,"1997, 1998","Black, Blue, Mahogany, Red, Leaf, Glacier, Toffee, Tangerine, Kiwi, Yellow, Lavender"
9021,Weston Shopper,Tote,"1997, 1998","Black, Blue, British Tan, Mahogany, Red, Navy"
9022,Metropolis Flap,Crossbody,1997,"Black, British Tan, Mahogany, Red"
9023,Winnie Top Handle,Crossbody,1997,"Black, Bone, British Tan, Mahogany, Periwinkle, Red, Blue"
9024,Ergo Satchel,Shoulder Bag,1998,"Black, Mahogany, Red, Yellow"
9025,Ergo Zip,Shoulder Bag,"1997, 1998","Black, Blue, Mahogany, Red, Leaf, Glacier, Toffee, Tangerine, Kiwi, Yellow, Lavender"
9026,Hobo,Shoulder Bag,1997,Black
9027,Ergo Mini Satchel,Shoulder Bag,"1997, 1998","Black, Blue, Mahogany, Red, Leaf, Glacier, Toffee, Tangerine, Kiwi, Yellow, Lavender"
9029,Flap Bag,Shoulder Bag,1997,"Black, Blue, Mahogany, Red, Leaf"
9030,Knapsac,Crossbody,1975,
9033,Ergo Pocket Zip,Shoulder Bag,"1997, 1998","Black, Blue, Mahogany, Red, Leaf, Glacier, Toffee, Tangerine, Kiwi, Yellow, Lavender"
9034,Ergo Flap,Shoulder Bag,"1997, 1998","Black, Mahogany, Red, Tangerine, Toffee, Kiwi, Yellow"
9035,Ergo Shopper,Tote,1998,"Black, Mahogany, Red, Toffee"
9038,Shelburne Flap,Shoulder Bag,1998,"Black, British Tan, Mahogany, Navy"
9043,Geometric Bag,Shoulder Bag,"1997, 1998","Black, Mahogany, Red, Tangerine, Kiwi, Yellow, White"
9044,Geometric Clutch,Clutch/Pouch,1997,"Black, British Tan, Mahogany, Red, Tangerine"
9047,Ergo Compartment Bucket,Bucket,1998,"Black, Loden, Mahogany, Red, Yellow, Dark Grey, Ink"
9048,Disco Bag,Crossbody,1998,"Black, Mahogany, Red"
9049,Tango Flap,Crossbody,1998,"Black, Dark Grey, Mahogany, Red, Grey"
9050,Cha Cha Satchel,Satchel,1998,"Black, Mahogany, Red"
9051,Swing Zip,Shoulder Bag,1998,"Black, Mahogany, Red"
9052,Aero Pocket Zip,Shoulder Bag,1999,"Black, Camel, Mahogany, Red, Yellow"
9053,Aero Small Pocket Zip,Shoulder Bag,1999,"Black, Camel, Mahogany, Red, Yellow"
9054,Aero Flap,Shoulder Bag,1999,"Black, Camel, Mahogany, Red"
9057,Aero Small Zip,Shoulder Bag,1999,"Black, Camel, Mahogany, Red"
9060,Slim Duffle Sac,Bucket,1998,"Black, British Tan, Mahogany, Red"
9061,Rambler's Legacy,Crossbody,"1998, 1999","Black, British Tan, Mahogany, Navy, Currant, Camel, Dark Grey, Bone"
9062,Mambo Hobo,Crossbody,1998,"Black, Mahogany, Red"
9063,Legacy Satchel,Satchel,1999,"Black, Camel, Mahogany"
9064,Legacy Backpack,Backpack,1999,"Black, Mahogany"
9065,Legacy Mail Bag,Crossbody,1999,"Black, Mahogany"
9071,Audrey Zip,Shoulder Bag,1999,"Black, Camel, Mahogany"
9073,Andrea Bucket,Bucket,1999,"Black, Camel, Mahogany"
9076,Companion Flap,Crossbody,1999,"Black, Bone, Mahogany, Navy"
9077,Classic Lunch Tote,Tote,1999,"Black, Camel, Mahogany, White"
9079,Tribeca Large Hobo,Tote,1998,"Black, Mahogany, Toffee"
9083,Tribeca Hobo,Shoulder Bag,1998,"Black, Bone, Mahogany, Navy, Red, Toffee"
9085,Duffle Sac,Bucket,"1975, 1976, 1977, 1978, 1979, 1981, 1982, 1983, 1984, 1985, 1986, 1987, 1988, 1989, 1990, 1991, 1992, 1993, 1994, 1995, 1996, 1997, 1998","Black, British Tan, Burgundy, Mocha, Navy, Putty, Grey, Flannel Grey, Saddle, Tabac, Red, Mahogany, Forest Green, Bottle Green, Olive, Blue, Yellow, Taupe, Aqua, Lime, Periwinkle, Leaf, Glacier"
9086,Legacy Small Shopper,Tote,"1997, 1998","Black, Blue, British Tan, Mahogany, Red, Glacier, Yellow, Navy"
9087,Metropolis Zip,Crossbody,1997,"Black, Blue, British Tan, Mahogany, Red"
9088,Duffle Sac Ruff-Out,Bucket,"1975, 1976, 1977",
9089,Asheville Zip,Satchel,1997,"Black, Blue, British Tan, Mahogany, Red"
9090,Legacy Large Shopper,Tote,"1997, 1998","Black, Blue, British Tan, Mahogany, Red, Navy"
9091,Tribeca Convertible Clutch,Clutch/Pouch,1998,"Black, Bone, Mahogany, Navy, Toffee"
9092,Tribeca Flap,Crossbody,1998,"Black, Bone, Mahogany, Navy, Red, Toffee, Loden, Ink, Dark Grey, Grey"
9094,Tribeca Large Shopper,Tote,1998,"Black, Bone, Mahogany, Navy, Toffee"
9098,Tribeca Shopper,Tote,"1998, 1999","Black, Bone, Mahogany, Navy, Red, Toffee, Loden, Ink, Dark Grey, Grey, Camel"
9099,Tribeca Bucket,Bucket,1998,"Black, Mahogany, Navy, Red, Toffee"
9134,Hippie Flap,Crossbody,1999,"Black, Camel, Dark Grey, Mahogany"
9135,Small Hippie Flap,Crossbody,1999,"Black, Camel, Dark Grey, Mahogany, Red"
9138,Mimosa Zip,Clutch/Pouch,1999,"Black, Camel, Mahogany, Red"
9139,Bellini Zip,Clutch/Pouch,1999,"Black, Camel, Mahogany, Red"
9140,Martini Flap,Clutch/Pouch,1999,"Black, Camel, Mahogany, Red"
9170,Classic Shoulder Bag,Crossbody,"1975, 1976, 1977, 1978, 1981, 1982, 1983, 1984, 1985, 1986, 1987, 1988, 1989, 1992, 1993, 1997","Black, British Tan, Burgundy, Mocha, Navy, Putty, Grey, Flannel Grey, Red, Saddle, Sage, Tabac, Bone, Mahogany, Bordeaux, Bottle Green"
9178,Classic Pouch Ruff-Out,Crossbody,"1975, 1976, 1977",
9205,Saddle Bag Small,Shoulder Bag,"1975, 1976, 1977",
9208,Saddle Bag Small Ruff-Out,Shoulder Bag,"1975, 1976, 1977",
9210,Saddle Bag Large,Shoulder Bag,"1975, 1976, 1977",
9235,Crescent,Shoulder Bag,"1975, 1976, 1977, 1978, 1979, 1981, 1982, 1983, 1984","Black, British Tan, Burgundy, Mocha, Navy, Putty, Red, Saddle, Sage, Tabac"
9240,Pulley Bag,Shoulder Bag,"1975, 1976",
9248,Pulley Bag Ruff-Out,Shoulder Bag,1975,
9260,Hasp Bag,Crossbody,1975,
9300,Companion Bag,Crossbody,"1986, 1987, 1988, 1989, 1990, 1991","Black, Bone, British Tan, Burgundy, Mocha, Navy, Putty, Grey, Red, Tabac, Mahogany, Forest Green, Sandstone, Flannel Grey"
9301,Bleecker Small Basket,Crossbody,1999,"Black, Camel, Mahogany, Navy, Red, White"
9302,Bleecker Basket,Shoulder Bag,1999,"Black, Camel, Mahogany, Navy, Red"
9303,Bleecker Satchel,Satchel,1999,"Black, Camel, Mahogany, Navy, Red, White, Currant, Dark Grey"
9305,Bleecker Bucket,Bucket,1999,"Black, Camel, Mahogany, Navy, Red, White, Currant, Dark Grey"
9306,Bleecker Tote,Tote,1999,"Black, Camel, Mahogany, Red"
9308,Bleecker Demi Satchel,Satchel,1999,"Black, Mahogany, Red"
9309,Bleecker Zip,Satchel,1999,"Black, Camel, Mahogany, Red, Currant, Dark Grey"
9311,Bleecker Demi Zip,Shoulder Bag,1999,"Black, Camel, Mahogany, Red, Currant, Dark Grey"
9335,Folio Tote,Briefcase,1975,
9340,Doctor's Satchel,Satchel,1975,
9375,Dinky Bag,Clutch/Pouch,"1975, 1977, 1981, 1982, 1983, 1984, 1985, 1986, 1987, 1988, 1989, 1990, 1991, 1998","Black, British Tan, Burgundy, Mocha, Navy, Putty, Grey, Red, Saddle, Sage, Tabac, Bone, Mahogany, Forest Green, Sandstone, Flannel Grey, Stone"
9378,Mini Clutch Ruff-Out,Clutch/Pouch,"1975, 1977",
9380,Twin Clutch,Clutch/Pouch,"1975, 1985, 1986","Black, Bone, British Tan, Burgundy, Mocha, Navy, Putty, Red, Saddle, Tabac, Grey"
9385,Shoulder Purse,Clutch/Pouch,"1985, 1986, 1987","Black, Bone, British Tan, Burgundy, Mocha, Navy, Putty, Grey, Red, Saddle, Tabac, Flannel Grey"
9400,Business Tote,Tote,1999,"Black, Camel, Mahogany"
9401,Book Tote,Tote,1999,"Black, Camel, Mahogany"
9405,Convertible Purse,Clutch/Pouch,1975,
9425,Slim Satchel Compact,Satchel,"1975, 1976, 1977, 1981, 1982, 1983, 1984, 1985, 1993, 1997","Black, British Tan, Burgundy, Mocha, Navy, Putty, Red, Saddle, Sage, Tabac, Bordeaux, Mahogany"
9428,Handle Clutch Ruff-Out,Clutch/Pouch,"1975, 1977",
9430,Slim Satchel,Satchel,"1975, 1976, 1977, 1981, 1982, 1983, 1984, 1985, 1986, 1987","Black, British Tan, Burgundy, Mocha, Navy, Putty, Grey, Red, Saddle, Sage, Tabac, Flannel Grey"
9441,Watermelon Tote,Tote,"1975, 1976, 1977, 1978, 1979, 1981, 1982","Black, Burgundy, Mocha, Navy, Putty, Saddle, Tabac"
9449,Watermelon Tote Ruff-Out,Tote,"1975, 1976, 1977",
9455,Basic Bag,Clutch/Pouch,"1975, 1976, 1977, 1978, 1979, 1981, 1982, 1983, 1984, 1985, 1986, 1987, 1988, 1989, 1990, 1991, 1998","Black, British Tan, Burgundy, Mocha, Navy, Putty, Grey, Red, Saddle, Sage, Tabac, Bone, Flannel Grey, Mahogany, Forest Green, Sandstone, Stone"
9458,Zippered Clutch Ruff-Out,Clutch/Pouch,"1975, 1976, 1977",
9460,Canoe Tote,Tote,1975,
9465,Shopping Bag Tote,Tote,"1975, 1976",
9470,Book Clutch,Clutch/Pouch,"1975, 1976",
9475,Frame Pouch,Clutch/Pouch,"1975, 1976",
9490,Suspender Bag,Crossbody,"1975, 1976, 1977",
9495,Safari Tote,Briefcase,1975,
9505,Courrier Pouch Small,Crossbody,"1975, 1976, 1977",
9510,Boat Tote,Tote,"1976, 1977",
9515,School Bag Clutch,Messenger,"1976, 1977",
9520,Swag Bag,Messenger,"1976, 1977",
9525,Stewardess Bag,Crossbody,"1976, 1977, 1981, 1982, 1983, 1984, 1985, 1986, 1987, 1988, 1992, 1993, 1994, 1995, 1997, 1998","Black, British Tan, Burgundy, Mocha, Navy, Putty, Grey, Red, Saddle, Tabac, Flannel Grey, Mahogany, Bordeaux, Olive, Bottle Green, Stone, Bone"
9530,Small Shoulder Bag,Crossbody,"1975, 1976, 1977, 1981, 1982, 1983, 1984, 1985, 1986","Black, British Tan, Burgundy, Mocha, Navy, Putty, Red, Saddle, Sage, Tabac, Grey"
9535,East-West Tote,Tote,1976,
9535,Saddlery Bag,Crossbody,"1986, 1987, 1988","Black, Bone, British Tan, Burgundy, Grey, Mocha, Navy, Putty, Red, Tabac, Flannel Grey"
9540,Deep Tote,Tote,1976,
9546,Skinny Tote,Tote,"1975, 1976, 1977, 1978, 1979, 1981, 1982, 1983, 1984, 1985, 1986","Black, Burgundy, Mocha, Navy, Putty, Saddle, Tabac, British Tan"
9550,Envelope Clutch,Clutch/Pouch,"1976, 1977",
9555,Slim Clutch Large,Clutch/Pouch,"1976, 1977, 1981, 1982, 1983, 1984, 1985, 1986","Black, British Tan, Burgundy, Mocha, Navy, Putty, Red, Saddle, Sage, Tabac, Bone, Grey"
9560,Slim Clutch Standard,Clutch/Pouch,"1981, 1982, 1983","Black, British Tan, Burgundy, Mocha, Navy, Putty, Red, Saddle, Sage, Tabac"
9565,Shopping Bag,Tote,"1976, 1977, 1978, 1979, 1981, 1982, 1983","Black, British Tan, Mocha, Saddle, Tabac"
9585,Saddle Pouch Large,Crossbody,"1976, 1977, 1981, 1982, 1983, 1984, 1985, 1986, 1987, 1988, 1992, 1994, 1997","Black, British Tan, Burgundy, Mocha, Navy, Red, Saddle, Tabac, Putty, Grey, Mahogany, Flannel Grey, Bottle Green"
9590,Saddle Pouch Small,Crossbody,"1977, 1978, 1979, 1981, 1982, 1983, 1984, 1985, 1986, 1987, 1995","Black, British Tan, Burgundy, Mocha, Navy, Red, Saddle, Tabac, Putty, Coral, Stone"
9595,Saddle Pouch Small,Crossbody,"1977, 1981, 1982","Black, British Tan, Burgundy, Mocha, Navy, Red, Saddle, Tabac"
9620,Compact Pouch,Clutch/Pouch,"1981, 1982, 1983, 1984, 1985, 1986, 1987, 1988, 1989, 1990, 1991, 1993, 1994, 1995, 1996, 1997, 1998","Black, British Tan, Burgundy, Mocha, Navy, Putty, Red, Saddle, Sage, Tabac, Bone, Grey, Mahogany, Flannel Grey, Purple, Bottle Green, Blue, Stone"
9625,Musette Bag,Messenger,"1981, 1982, 1983, 1984, 1985, 1986, 1987","Black, British Tan, Mocha, Saddle, Tabac"
9635,Convertible Clutch,Clutch/Pouch,"1975, 1976, 1977, 1979, 1981, 1982, 1983, 1984, 1985, 1986, 1987, 1988, 1989, 1990, 1991, 1993","Black, British Tan, Burgundy, Mocha, Navy, Putty, Red, Saddle, Sage, Tabac, Bone, Grey, Mahogany, Forest Green, Sandstone, Flannel Grey"
9655,Small Zippered Pouch,Clutch/Pouch,"1976, 1981, 1982, 1983, 1984, 1985, 1986, 1994, 1997","Black, British Tan, Burgundy, Mocha, Navy, Putty, Red, Saddle, Sage, Tabac, Bone, Grey, Purple, Bottle Green, Mahogany"
9665,Marketing Tote,Tote,"1977, 1981, 1982, 1983, 1984, 1985, 1986, 1992","Black, British Tan, Mocha, Tabac, Burgundy, Mahogany"
9670,Pony Express Pouch,Shoulder Bag,"1975, 1976, 1977, 1981, 1982, 1992","Black, British Tan, Burgundy, Mocha, Navy, Tabac, Mahogany"
9680,Standard Tote,Tote,"1983, 1984","Black, British Tan, Burgundy, Mocha, Navy, Putty, Red, Tabac"
9685,Small Tote,Tote,"1983, 1984","Black, British Tan, Burgundy, Mocha, Navy, Putty, Red, Tabac"
9690,Dinky Tote,Tote,"1983, 1984","Black, British Tan, Burgundy, Mocha, Navy, Putty, Red, Tabac"
9695,School Bag,Messenger,"1984, 1985, 1986","Black, British Tan, Burgundy, Mocha, Navy, Putty, Red, Tabac"
9700,Flight Bag,Satchel,"1975, 1977, 1984, 1985","Black, British Tan, Burgundy, Mocha, Tabac"
9706,Skinny Flight Bag,Satchel,"1984, 1985, 1986, 1987","Black, British Tan, Burgundy, Mocha, Navy, Putty, Red, Tabac, Grey, Flannel Grey"
9710,Sling Bag,Crossbody,"1984, 1985","Black, British Tan, Burgundy, Mocha, Navy, Putty, Red, Saddle, Tabac, Bone"
9720,Classic Clutch,Clutch/Pouch,"1985, 1986","Black, Bone, British Tan, Burgundy, Mocha, Navy, Putty, Red, Tabac"
9725,Madison Satchel,Satchel,"1986, 1987, 1988, 1989","Black, Bone, British Tan, Burgundy, Grey, Mocha, Navy, Putty, Red, Tabac, Mahogany, Flannel Grey"
9730,Shoulder Sac,Bucket,"1986, 1987, 1988, 1989, 1990","Black, British Tan, Burgundy, Grey, Mocha, Navy, Putty, Red, Tabac, Mahogany, Flannel Grey"
9735,Rambler Bag,Crossbody,"1986, 1987, 1988, 1989, 1990","Black, British Tan, Burgundy, Mocha, Navy, Putty, Red, Tabac, Mahogany"
9740,Mini Pouch,Clutch/Pouch,1986,"Black, Bone, British Tan, Burgundy, Grey, Mocha, Navy, Putty, Red, Tabac"
9745,Riding Bag Small,Crossbody,"1986, 1987, 1992","Black, British Tan, Burgundy, Mocha, Navy, Putty, Red, Tabac"
9750,Riding Bag,Crossbody,"1986, 1987, 1988","Black, British Tan, Burgundy, Mocha, Navy, Putty, Red, Tabac, Grey, Flannel Grey"
9755,Pocket Purse,Clutch/Pouch,"1986, 1987, 1988, 1989, 1990, 1991, 1992, 1993, 1994, 1995, 1996, 1997","Black, Bone, British Tan, Burgundy, Mocha, Navy, Putty, Red, Tabac, Grey, Mahogany, Sandstone, Forest Green, Flannel Grey, Camel, Stone, White, Bottle Green, Taupe, Blue"
9760,Camera Bag,Crossbody,"1986, 1987","Black, Bone, British Tan, Burgundy, Mocha, Navy, Putty, Red, Tabac, Grey, Flannel Grey"
9765,Madison Satchel,Satchel,"1986, 1987, 1988, 1989, 1990, 1994","Black, British Tan, Burgundy, Mocha, Navy, Putty, Red, Tabac, Grey, Flannel Grey, Mahogany, Sandstone"
9780,Large Tote,Tote,"1986, 1987","Black, British Tan, Burgundy, Mocha, Navy"
9785,Zipper Tote,Tote,1987,"Black, British Tan, Burgundy, Mocha, Navy, Red, Tabac"
9790,City Bag,Crossbody,"1987, 1988, 1989, 1990, 1991, 1992, 1993, 1994, 1995, 1996, 1997, 1998","Black, Bone, British Tan, Burgundy, Flannel Grey, Mocha, Navy, Putty, Red, Tabac, Mahogany, Forest Green, Stone, Bordeaux, Bottle Green, Butterscotch, White, Taupe, Blue, Yellow"
9791,Large Daypack,Backpack,"1998, 1999","Black, British Tan, Mahogany, Navy, Red"
9796,Spectator Bag,Crossbody,"1987, 1988, 1989","Black, British Tan, Burgundy, Flannel Grey, Mocha, Navy, Putty, Red, Tabac, Mahogany"
9800,Carrier Bag,Messenger,"1987, 1988, 1989, 1990, 1991, 1992, 1993, 1994, 1997","Black, British Tan, Mocha, Tabac, Burgundy, Mahogany"
9801,Equestrian Small Flap,Crossbody,"1997, 1998","Black, Blue, Mahogany, Red, Toffee, British Tan, Navy"
9802,Equestrian Zip,Crossbody,"1997, 1998","Black, Blue, Mahogany, Red, Toffee, British Tan, Navy, Loden"
9804,Equestrian Drawstring,Bucket,"1997, 1998","Black, Blue, Mahogany, Red, Toffee, Navy"
9806,Equestrian Slim Bucket,Bucket,"1997, 1998","Black, Blue, Mahogany, Red, Toffee, British Tan, Navy"
9807,Equestrian Large Flap,Crossbody,1998,"Black, Mahogany, Navy, Red, Toffee, Loden"
9808,Equestrian Flap Shopper,Tote,1998,"Black, Mahogany, Navy, Red, Toffee"
9809,Equestrian Compartment Bucket,Bucket,1998,"Black, Mahogany, Navy, Toffee, Loden"
9810,Envelope Clutch,Clutch/Pouch,1988,"Black, British Tan, Navy, Putty, Red, Tabac"
9812,Ridgefield Flap,Crossbody,1999,"Black, Camel, Mahogany, Navy"
9814,Sutton Zip,Crossbody,1999,"Black, Camel, Mahogany, Navy"
9815,Collegiate,Crossbody,"1988, 1993","Black, Bone, British Tan, Burgundy, Flannel Grey, Mocha, Navy, Putty, Red, Tabac, Bordeaux"
9816,Slim Duffle Medium,Bucket,1999,"Camel, Currant, Dark Grey, Black, Mahogany"
9817,Camera Zip,Clutch/Pouch,1999,"Black, Mahogany"
9819,Classic City Tote,Tote,1999,"Black, Mahogany"
9820,Swagger,Crossbody,"1988, 1989, 1990, 1993","Black, British Tan, Burgundy, Flannel Grey, Mahogany, Mocha, Navy, Putty, Red, Tabac, Forest Green, Sandstone, Bordeaux"
9825,Mini Bag,Crossbody,"1988, 1989, 1990","Black, Bone, British Tan, Burgundy, Flannel Grey, Mahogany, Mocha, Navy, Putty, Red, Tabac"
9830,Blazer Bag,Crossbody,"1988, 1989","Black, Bone, British Tan, Burgundy, Flannel Grey, Mahogany, Mocha, Navy, Putty, Red, Tabac, Forest Green, Sandstone"
9832,Turnlock Clutch,Clutch/Pouch,1997,"Black, British Tan, Mahogany"
9833,International Clutch,Clutch/Pouch,1995,"Black, British Tan, Mahogany"
9837,Casual Clutch,Clutch/Pouch,1997,"Black, British Tan, Mahogany"
9839,Lightweight Men's Clutch,Clutch/Pouch,1997,"Black, Mahogany"
9845,Compartment Bag Small,Crossbody,1989,"Black, Bone, British Tan, Burgundy, Mahogany, Navy, Putty, Red, Tabac"
9850,Compartment Bag,Crossbody,"1989, 1990, 1991, 1992","Black, Bone, British Tan, Burgundy, Mahogany, Navy, Putty, Red, Tabac, Forest Green, Sandstone, Stone"
9851,Saddle Bag,Crossbody,1990,"Black, British Tan, Burgundy, Forest Green, Mahogany, Navy, Putty, Red, Tabac"
9852,Ranch Bag,Crossbody,"1990, 1991","Black, British Tan, Forest Green, Mahogany, Navy, Putty, Tabac"
9853,Binocular Bag,Crossbody,"1990, 1991, 1992, 1993","Black, British Tan, Burgundy, Forest Green, Mahogany, Navy, Red, Tabac, Camel"
9854,Carlyle Bag,Crossbody,1990,"Black, British Tan, Burgundy, Forest Green, Mahogany, Navy"
9855,Classic Hobo,Shoulder Bag,"1989, 1990, 1995","Black, British Tan, Burgundy, Mahogany, Navy, Putty, Tabac, Olive"
9860,Plaza Bag,Crossbody,"1989, 1990","Black, British Tan, Burgundy, Forest Green, Mahogany, Navy, Putty, Red, Tabac"
9865,Plaza Bag Large,Crossbody,"1989, 1990, 1991","Black, British Tan, Burgundy, Forest Green, Mahogany, Navy, Putty, Red, Tabac"
9870,Court Bag,Crossbody,"1989, 1990, 1991, 1992, 1993, 1994, 1995, 1996, 1997, 1998, 1999","Black, British Tan, Burgundy, Forest Green, Mahogany, Navy, Putty, Red, Tabac, Camel, Stone, Bordeaux, Bottle Green, Butterscotch, Taupe, Bone, White, Blue, Loden, Dark Grey, Grey"
9871,Beaumont Satchel,Satchel,1998,"Black, Bone, British Tan, Mahogany, Navy"
9872,Classic Compartment Tote,Tote,1998,"Black, British Tan, Mahogany, Navy"
9875,Pocket Bag,Crossbody,"1989, 1990","Black, Bone, British Tan, Burgundy, Forest Green, Mahogany, Navy, Putty, Red, Tabac"
9880,Classic Satchel,Satchel,"1989, 1990","Black, British Tan, Burgundy, Mahogany, Navy, Putty, Red, Tabac"
9885,Club Satchel,Satchel,1989,"Black, British Tan, Forest Green, Mocha, Navy, Red, Tabac"
9886,Avenue Bag,Crossbody,1990,"Black, British Tan, Burgundy, Forest Green, Mahogany, Navy"
9887,Roll Bag,Crossbody,"1991, 1992","Black, British Tan, Burgundy, Forest Green, Mahogany, Navy, Putty, Tabac"
9888,Lindsay Bag,Crossbody,"1991, 1992, 1993, 1994","Black, Bone, Forest Green, Mahogany, Navy, Putty, Red, British Tan, Stone, Bottle Green, White"
9889,Buckle Bag,Tote,1991,"Black, British Tan, Forest Green, Mahogany, Navy"
9890,Scout Bag,Crossbody,"1991, 1992","Black, British Tan, Forest Green, Mahogany, Navy, Tabac"
9891,Broadway Satchel,Satchel,"1991, 1992, 1993","Black, British Tan, Burgundy, Forest Green, Mahogany, Stone"
9892,Chrystie Bag,Crossbody,"1991, 1992, 1993, 1994","Black, Bone, British Tan, Forest Green, Mahogany, Navy, Red, Bottle Green, White"
9893,Scooter Bag,Clutch/Pouch,"1991, 1996, 1997","Black, British Tan, Forest Green, Navy, Red, Blue, Bone, Bottle Green, White, Yellow, Mahogany"
9894,Chelsea Bag,Crossbody,"1991, 1992, 1993, 1995","Black, British Tan, Burgundy, Forest Green, Mahogany, Navy, Putty, Tabac, Camel, Stone, Jade"
9895,Brighton Bag,Crossbody,"1991, 1992, 1993","Black, British Tan, Burgundy, Forest Green, Mahogany, Navy, Putty, Tabac, Camel, Stone"
9896,Barclay Tote,Tote,"1991, 1992, 1993, 1994, 1997","Black, British Tan, Burgundy, Mahogany, Bordeaux, Blue, Red"
9897,Chauncey Bag,Satchel,1992,"Black, British Tan, Golden Tan, Navy, Sage"
9898,Fulton Bag,Crossbody,1992,"Black, British Tan, Golden Tan, Navy, Sage"
9899,Mulberry Bag,Crossbody,1992,"Black, British Tan, Burgundy, Forest Green, Navy, Golden Tan, Sage"
9900,Dover Bag,Tote,1992,"Black, British Tan, Golden Tan, Navy, Sage"
9901,Chester Bag,Crossbody,"1992, 1993, 1994","Black, Bone, British Tan, Burgundy, Camel, Forest Green, Mahogany, Navy, Red, Jade, Mango, Sapphire, White, Bordeaux, Bottle Green, Butterscotch"
9902,Oliver Bag,Crossbody,"1992, 1993","Black, British Tan, Burgundy, Camel, Forest Green, Mahogany, Navy, Stone, Bottle Green"
9903,Baxter Bag,Satchel,"1992, 1993, 1994","Black, British Tan, Burgundy, Camel, Navy, Stone, Bordeaux, Butterscotch"
9904,Derby Bag,Crossbody,1992,"Black, Bone, British Tan, Forest Green, Navy, Red"
9905,Crosby Bag,Crossbody,1992,"Black, British Tan, Camel, Forest Green, Navy"
9906,Post Pouch,Crossbody,"1992, 1993","Black, British Tan, Camel, Forest Green, Mahogany, Navy, Red, Stone"
9907,Logan Bag,Crossbody,"1992, 1993, 1994","Black, British Tan, Burgundy, Camel, Forest Green, Mahogany, Navy, Stone, Bordeaux, Bottle Green, Butterscotch"
9908,Devon Bag,Crossbody,"1992, 1993, 1994, 1995","Black, British Tan, Burgundy, Camel, Forest Green, Navy, Stone, Bone, Bordeaux, Bottle Green, Butterscotch"
9909,Austin Bag,Crossbody,1992,"Black, Bone, British Tan, Camel, Forest Green, Navy, Red, Stone"
9910,Sullivan Bag,Crossbody,1992,"Black, British Tan, Burgundy, Camel, Forest Green, Mahogany, Navy"
9911,Kimball Zip,Clutch/Pouch,"1992, 1993, 1994","Black, British Tan, Burgundy, Bone, Camel, Forest Green, Navy, Red, Stone, Jade, Mango, Sapphire, White, Bottle Green, Butterscotch, Purple"
9912,Jackson Bucket,Bucket,1992,"Black, British Tan, Burgundy, Forest Green, Navy"
9913,Gilford Bag,Crossbody,1992,"Black, British Tan, Burgundy, Forest Green, Navy"
9914,Ashland Bag,Crossbody,1992,"Black, British Tan, Burgundy, Forest Green, Navy"
9915,Branson Bag,Tote,1992,"Black, British Tan, Burgundy, Forest Green, Navy"
9916,Kent Bag,Crossbody,"1993, 1994","Black, Bone, British Tan, Camel, Forest Green, Mahogany, Navy, Red, Stone, Bordeaux, Bottle Green, Butterscotch"
9917,Shelton Bag,Crossbody,"1993, 1994","Black, Bone, British Tan, Camel, Forest Green, Mahogany, Navy, Stone, Bordeaux, Bottle Green, Butterscotch"
9918,Lenox Bag,Crossbody,"1993, 1994","Black, Bone, British Tan, Camel, Forest Green, Mahogany, Navy, Bordeaux, Bottle Green, Butterscotch"
9919,Quincey Bag,Crossbody,"1993, 1994, 1995","Black, Bone, British Tan, Forest Green, Navy, Red, White, Bottle Green"
9920,Becket Zip,Shoulder Bag,"1993, 1994, 1995","Black, Bone, British Tan, Jade, Mahogany, Mango, Navy, Red, Sapphire, Stone, White, Purple, Bottle Green"
9921,Megan Bag,Crossbody,"1993, 1994","Black, British Tan, Jade, Mango, Navy, Red, Sapphire, Stone, White, Butterscotch"
9922,Cooper Zip,Crossbody,"1993, 1994","Black, Bone, British Tan, Camel, Jade, Mahogany, Mango, Navy, Red, Sapphire, White, Butterscotch"
9923,Casey Bag,Crossbody,"1993, 1994, 1995, 1997","Black, British Tan, Jade, Mahogany, Mango, Navy, Red, Sapphire, Stone, White, Bottle Green, Butterscotch, Purple, Olive, Bone"
9924,Casino Bag,Crossbody,"1994, 1995, 1996, 1997","Black, Bottle Green, British Tan, Mahogany, Navy, Red, Taupe, Lime, White"
9925,Carnival Bag,Crossbody,"1994, 1995, 1996, 1997","Black, Bottle Green, British Tan, Mahogany, Navy, Red, Taupe, Aqua, White"
9927,Willis Bag,Crossbody,"1993, 1994, 1995, 1996, 1997, 1998, 1999","Black, Bottle Green, British Tan, Butterscotch, Mahogany, Navy, Red, Stone, Olive, Taupe, Bone, Blue, Loden, Dark Grey, Grey, Camel, Currant"
9928,Chadwick Satchel,Satchel,"1993, 1994","Black, British Tan, Butterscotch, Mahogany, Navy, Red, Stone"
9929,The Sling,Backpack,"1993, 1994, 1995","Black, Bottle Green, British Tan, Mahogany, Navy, Purple, Red, Olive"
9930,Murphy Bag,Clutch/Pouch,"1993, 1994, 1995, 1996, 1997","Black, Bottle Green, British Tan, Butterscotch, Mahogany, Navy, Red, Stone, Olive, Taupe, Bone"
9931,Lewiston Bag,Crossbody,"1993, 1994","Black, Bone, Bottle Green, British Tan, Mahogany, Navy, Red, Stone"
9934,Everett Bag,Clutch/Pouch,"1993, 1994","Black, Bottle Green, British Tan, Butterscotch, Mahogany, Navy, Purple, Red"
9935,Hadley Zip,Clutch/Pouch,"1993, 1994, 1995","Black, Bottle Green, British Tan, Butterscotch, Mahogany, Navy, Purple, Red, White"
9936,Bradley Bucket,Bucket,"1993, 1994","Black, Bone, Bottle Green, British Tan, Mahogany, Navy, Red, Stone"
9937,Ritchie Bag,Crossbody,"1993, 1994, 1995","Black, Bone, Bottle Green, British Tan, Butterscotch, Mahogany, Navy, Red, Stone, White, Taupe"
9938,Mitchell Zip,Crossbody,"1993, 1994, 1995","Black, Bone, Bottle Green, British Tan, Butterscotch, Mahogany, Navy, Red, Stone, White"
9939,Carson Zip,Crossbody,"1993, 1994","Black, Bone, Bordeaux, Bottle Green, British Tan, Mahogany, Navy, Stone"
9940,Dowel Field Bag,Messenger,1994,"Black, Bordeaux, British Tan, Mahogany"
9942,Carousel Bag,Crossbody,"1994, 1995","Black, British Tan, Navy, Red, White, Bottle Green"
9943,Classic Backpack,Backpack,"1994, 1995, 1996, 1997","Black, Bottle Green, British Tan, Mahogany, Navy, Taupe, Red"
9944,Taylor Zip,Crossbody,"1994, 1995, 1996","Black, Bone, Bordeaux, Bottle Green, British Tan, Butterscotch, Mahogany, Navy, Red, Stone, White, Olive, Taupe"
9945,Sterling Clutch,Clutch/Pouch,1994,"Black, Bone, Bordeaux, Bottle Green, British Tan, Butterscotch, Navy, Red, Stone, White"
9946,Nicholas Drawstring,Bucket,"1994, 1995","Black, Bone, Bottle Green, British Tan, Butterscotch, Navy, Red, Stone"
9947,Vista Bag,Crossbody,1994,"Black, Bone, Bottle Green, British Tan, Butterscotch, Mahogany, Navy, Red, Stone, White"
9948,Nottingham Bag,Crossbody,"1994, 1995","Black, Bone, Bottle Green, British Tan, Butterscotch, Navy, Olive"
9949,Faith's Legacy Bag,Crossbody,"1994, 1998","Black, British Tan, Mahogany, Olive, Red, Stone, Bone"
9950,Janice's Legacy Bag,Crossbody,"1994, 1995, 1996, 1997","Black, British Tan, Mahogany, Olive, Red, Navy, Taupe, Bottle Green"
9951,Patricia's Legacy Bag,Crossbody,"1994, 1995, 1996, 1997, 1998, 1999","Black, British Tan, Mahogany, Olive, Red, Navy, Bottle Green, Taupe, Blue, Loden"
9952,Lula's Legacy Bag,Bucket,"1994, 1995, 1996, 1997","Black, British Tan, Mahogany, Olive, Red, Navy, Taupe, Bottle Green"
9953,Helen's Legacy Bag,Bucket,"1994, 1996, 1997","Black, British Tan, Mahogany, Olive, Red, Navy, Bottle Green, Taupe, Periwinkle, Leaf, Blue, Glacier"
9954,Prairie Bag,Crossbody,"1994, 1995, 1996, 1997","Black, Bottle Green, British Tan, Mahogany, Navy, Red, Taupe, Bone"
9955,Trail Bag,Crossbody,"1994, 1995","Black, Bottle Green, British Tan, Mahogany, Navy, Red, Taupe"
9957,Bellacourt Bag,Crossbody,"1994, 1995","Black, Bone, Bottle Green, British Tan, Mahogany, Navy, Red"
9958,Pelham Zip,Satchel,"1994, 1995","Black, Bone, Bottle Green, British Tan, Mahogany, Navy, Red"
9959,Petite Pelham Zip,Satchel,"1994, 1995","Black, Bone, Bottle Green, British Tan, Mahogany, Navy, Red"
9960,Daypack,Backpack,"1994, 1995, 1996, 1997, 1998, 1999","Black, Bottle Green, British Tan, Mahogany, Navy, Red, Taupe, Blue, White, Yellow, Aqua, Bone, Lime, Periwinkle, Leaf, Glacier, Tangerine, Kiwi, Lavender, Loden, Dark Grey, Ink, Grey"
9961,Marshall Pack,Backpack,1994,"Acorn, Black, Mahogany"
9962,Mail Pouch,Crossbody,1994,"Acorn, Black, Mahogany"
9963,Bixby Bag,Bucket,1994,"Acorn, Black, Mahogany"
9964,Cody Bag,Crossbody,1994,"Acorn, Black, Mahogany"
9965,Legacy Small Flap,Crossbody,1997,"Aqua, Black, British Tan, Lime, Mahogany, Navy, Red, White, Blue, Bone, Glacier"
9966,Legacy Zip,Crossbody,"1997, 1998, 1999","Black, British Tan, Mahogany, Navy, Red, White, Blue, Loden"
9971,Men's Turnlock Clutch,Clutch/Pouch,1995,"Black, British Tan, Mahogany"
9972,Men's Zip Top Clutch,Clutch/Pouch,"1995, 1997","Black, British Tan, Mahogany"
9973,Kit Bag,Clutch/Pouch,"1995, 1996, 1997","Black, Bottle Green, British Tan, Mahogany, Navy, Red, Taupe, Bone, Blue, Yellow, White"
9974,Multi Zip,Crossbody,"1995, 1996, 1997","Black, Bottle Green, British Tan, Mahogany, Navy, Red, Taupe, Bone"
9975,Curtis Bag,Crossbody,"1995, 1996","Black, Bottle Green, British Tan, Mahogany, Navy, Red, Taupe, Bone"
9976,Anderson Zip,Crossbody,"1995, 1996, 1997","Black, Bottle Green, British Tan, Mahogany, Navy, Red, Taupe, Bone"
9977,Manor Bag,Crossbody,"1995, 1996, 1997","Black, Bottle Green, British Tan, Mahogany, Navy, Red, Taupe, Bone, White"
9978,Small Sidepack,Crossbody,"1995, 1996, 1997","Black, Bottle Green, British Tan, Mahogany, Navy, Red, Taupe"
9979,Sidepack,Crossbody,"1995, 1996","Black, Bottle Green, British Tan, Mahogany, Navy, Red, Taupe"
9980,Taft Bag,Crossbody,"1995, 1996, 1997","Black, British Tan, Mahogany, Navy, Red, Taupe, Bottle Green"
9981,Watson Bag,Crossbody,"1995, 1996, 1997","Black, Bone, Bottle Green, British Tan, Mahogany, Navy, Red, Taupe, Blue, White, Yellow"
9982,Canteen Bag,Crossbody,"1995, 1996","Black, Bone, Bottle Green, British Tan, Mahogany, Navy, Red, Taupe, White"
9983,Regina Bag,Crossbody,"1996, 1997","Black, Blue, Bottle Green, British Tan, Mahogany, Navy, Red, Taupe, White, Yellow, Bone, Aqua, Lime"
9984,Bixby Sling,Bucket,"1995, 1996, 1997","Black, Bone, Bottle Green, British Tan, Mahogany, Navy, Red, Taupe, Yellow, White, Blue"
9988,Saddle Bag,Shoulder Bag,1997,"Black, British Tan, Mahogany, Navy, Red"
9990,Small Framed Pouch,Shoulder Bag,1997,"Aqua, Black, British Tan, Lime, Mahogany, Navy, Red, White, Periwinkle, Blue"
9991,Lunch Box Zip,Crossbody,"1996, 1997","Black, British Tan, Mahogany, Navy, Red, Aqua, Lime, White, Periwinkle"
9992,Handle Backpack,Backpack,"1996, 1997","Black, British Tan, Mahogany, Navy, Red"
9993,Mini Shopper,Crossbody,"1996, 1997","Black, Bone, British Tan, Mahogany, Red, Aqua, Lime, White, Periwinkle"
9994,Drawstring Backpack,Backpack,"1996, 1997","Black, Bone, British Tan, Mahogany, Red, Aqua, Lime, White"
9995,Zip Top Shopper,Satchel,"1996, 1997","Black, Bone, British Tan, Mahogany, Red, Aqua, Lime"
9996,Medium Framed Pouch,Shoulder Bag,1997,"Aqua, Black, British Tan, Lime, Mahogany, Navy, Red, White, Periwinkle, Leaf, Blue"
9997,Legacy Small Zip,Crossbody,1998,"Black, British Tan, Loden, Mahogany, Red"
9998,Large Framed Pouch,Shoulder Bag,1997,"Black, British Tan, Lime, Mahogany, Navy, Red, White, Blue"